{
    "normals": [0,-0.707083,-0.707083,0,-1,0,-0.707083,-0.707083,0,-0.577349,-0.577349,-0.577349,-0.301492,-0.904508,-0.301492,0.301492,-0.904508,-0.301492,0.301492,0.904508,-0.301492,-0.301492,0.904508,-0.301492,0,-0.447188,-0.894406,0,0.707083,-0.707083,-0.666646,-0.333323,-0.666646,0.301492,-0.904508,0.301492,0.301492,0.904508,0.301492,-0.301492,-0.904508,0.301492,-0.301492,0.904508,0.301492,-0.707083,0.707083,0,0,0.999969,0,0,1,0,-0.577349,0.577349,-0.577349,-0.894406,-0.447188,0,0,-0.999969,0],
    "vertices": [1,-1,-1,1,-1,1,-1,-1,-1,1,1.16183,-1,0.999999,1.16183,1,-1,1.16183,1,-1,1.16183,-1,1,0.556339,-1,-1,0.556339,-1,1,-0.519984,-1,-1,-0.519984,-1,1,-0.519984,-1.10002,1,0.556339,-1.10002,-1,-0.519984,-1.10002,-1,0.556339,-1.10002,0.2,-1,-1,0.2,-1,1,0.2,1.16183,-1,0.199999,1.16183,1,0.2,0.556339,-1,0.2,-0.519984,-1,0.2,0.556339,-1.10002,0.2,-0.519984,-1.10002,-0.217096,-1,-1,-0.217096,-1,1,-0.217096,1.16183,-1,-0.217096,1.16183,1,-0.217095,0.556339,-1,-0.217096,-0.519984,-1,-0.217095,0.556339,-1.10002,-0.217096,-0.519984,-1.10002,1,1.16183,0.18898,-1,1.16183,0.188979,0.2,1.16183,0.18898,-0.217096,1.16183,0.188979,-1,1.16183,-0.279753,1,1.16183,-0.279752,0.2,1.16183,-0.279753,-0.217096,1.16183,-0.279753,1,1.22813,0.18898,0.999999,1.22813,1,-0.217096,1.22813,-1,-1,1.22813,-1,-0.217096,1.22813,1,-1,1.22813,1,-1,1.22813,-0.279753,1,1.22813,-1,0.2,1.22813,-1,0.199999,1.22813,1,0.2,1.22813,0.18898,-0.217096,1.22813,0.188979,1,1.22813,-0.279752,-1,1.22813,0.188979,0.2,1.22813,-0.279753,-0.217096,1.22813,-0.279753,-1,-1,1,-1,0.55634,1,-1,-0.519984,1,-1.10002,-0.519984,-1,-1.10002,0.556339,-1,-1.10002,-0.519984,1,-1.10002,0.55634,1,-1,0.55634,-0.279753,-1,-0.519983,-0.279753,-1.10002,0.55634,-0.279753,-1.10002,-0.519983,-0.279753,-1,-1,0.188979,-1,0.55634,0.188979,-1,-0.519983,0.188979,-1.10002,0.55634,0.188979,-1.10002,-0.519983,0.188979,0.2,-1,0.188978,1,-1,0.188978,-0.217096,-1,0.188978,0.2,-1,-0.279753,-1,-1,-0.279752,1,-1,-0.279753,-0.217096,-1,-0.279753,-1.10002,-0.519983,-1.10002,-1.10002,0.556339,-1.10002],
    "name": "CylinderGeometry.9",
    "uvs": [[0.340441,0.256082,0.337421,0.378413,0.290631,0.303717,0.284114,0.150328,0,0,0.319018,0.259149,0.312186,0.08122,0.252316,0.269958,0.273935,0.268932,0.353314,0.081532,0.348173,0.120068,0.251202,0.28994,0.174968,0.241053,0.25614,0.236044,0.276939,0.285647,0.290073,0.264607,0.304478,0.260943,0.359583,6.9e-05,0.346257,0.043782,0.410517,0.282522,0.327247,0.291381,0.302641,0.286125,0.335987,0.250051,0.097179,0.257211,0.226659,0.294801,0.478785,0.322425,0.351824,0.296489,0.44833,0.503213,0.341886,0.431749,0.276296,0.485529,0.383524,0.430368,0.33722,0.582415,0.316191,0.603512,6.9e-05,0.668765,0.206055,0.534859,0.3101,0.686291,0.226012,0.999931,6.9e-05,0.452425,0.193942,0.428558,0.266125,0.393717,0.395824,0.312268,0.335263,0.465854,0.334649,0.530235,0.323362,0.683843,0.331799,0.606206,0.425649,0.637852,0.390705,0.845291,0.294873,0.403542,0.302212,0.576263]],
    "faces": [41,23,77,75,2,0,1,2,3,0,1,2,3,41,33,34,50,49,4,4,4,4,4,5,6,7,41,28,23,2,10,5,0,3,6,0,0,3,4,41,25,27,8,6,7,8,9,10,8,9,7,10,41,19,7,12,21,11,12,13,14,9,9,9,9,41,29,30,13,14,15,16,17,18,9,0,0,9,41,28,10,13,30,5,6,17,16,0,4,0,0,41,9,20,22,11,19,20,21,22,0,0,0,0,41,12,11,22,21,13,22,21,14,9,0,0,9,41,27,19,21,29,8,11,14,15,9,9,9,9,41,3,7,19,17,23,12,11,24,8,9,9,8,41,9,0,15,20,19,25,26,20,0,0,0,0,41,34,38,54,50,4,4,4,4,5,11,12,6,41,0,76,74,15,25,27,28,26,0,1,1,0,41,8,27,29,14,9,8,15,18,7,9,9,9,41,20,28,30,22,20,5,16,21,0,0,0,0,41,21,22,30,29,14,21,16,15,9,0,0,9,41,17,19,27,25,24,11,8,7,8,9,9,8,41,20,15,23,28,20,26,0,5,0,0,0,0,41,15,74,77,23,26,28,1,0,0,1,1,0,41,37,33,49,53,4,4,4,4,13,4,7,14,41,17,25,41,47,24,7,7,24,8,8,9,9,41,3,17,47,46,23,24,24,23,8,8,9,9,41,50,52,44,43,29,30,31,32,6,15,15,16,41,39,49,48,40,33,34,35,36,17,7,17,16,41,49,50,43,48,34,29,32,35,7,6,16,17,41,51,53,49,39,37,38,34,33,16,14,7,17,41,54,45,52,50,39,40,30,29,12,15,15,6,41,41,42,45,54,7,10,40,39,9,18,15,12,41,46,47,53,51,23,24,38,37,9,9,14,16,41,47,41,54,53,24,7,39,38,9,9,12,14,41,38,37,53,54,4,4,4,4,11,13,14,12,41,25,6,42,41,7,10,10,7,8,10,18,9,41,38,34,32,35,4,4,4,4,11,5,19,19,41,31,33,37,36,4,4,4,4,1,4,13,20,41,18,26,34,33,4,4,4,4,1,20,5,4,41,17,37,38,25,24,4,4,7,8,13,11,8,41,6,25,38,35,10,7,4,4,10,8,11,19,41,5,32,34,26,4,4,4,4,19,19,5,20,41,3,36,37,17,4,4,4,24,8,20,13,8,41,31,4,18,33,4,4,4,4,1,20,1,4,41,68,66,55,57,5,0,3,6,2,2,2,2,41,32,67,56,5,7,8,9,10,19,15,15,19,41,62,8,59,64,11,12,13,14,15,7,15,15,41,69,70,60,61,15,16,17,18,15,2,2,15,41,68,57,60,70,5,6,17,16,2,2,2,2,41,10,63,65,58,19,20,21,22,4,2,2,2,41,59,58,65,64,13,22,21,14,15,2,2,15,41,67,62,64,69,8,11,14,15,15,15,15,15,41,6,8,62,35,23,12,11,24,10,7,15,19,41,10,2,75,63,19,25,26,20,4,3,2,2,41,56,67,69,61,9,8,15,18,15,15,15,15,41,63,68,70,65,20,5,16,21,2,2,2,2,41,64,65,70,69,14,21,16,15,15,2,2,15,41,35,62,67,32,24,11,8,7,19,15,15,19,41,63,75,66,68,20,26,0,5,2,2,2,2,41,35,32,52,45,24,7,7,24,19,19,15,15,41,6,35,45,42,23,24,24,23,10,19,15,18,41,32,5,44,52,7,10,10,7,19,19,15,15,41,73,71,16,24,41,42,43,44,1,1,1,1,41,71,72,1,16,42,45,46,43,1,1,1,1,41,66,73,24,55,47,41,44,48,2,1,1,2,41,77,74,71,73,1,28,42,41,1,1,1,1,41,74,76,72,71,28,27,45,42,1,1,1,1,41,75,77,73,66,2,1,41,47,2,1,1,2,41,14,13,78,79,18,17,17,18,9,0,3,18,41,14,79,59,8,18,18,13,12,9,18,15,7,41,13,10,58,78,17,19,22,17,0,4,2,3,41,59,79,78,58,13,18,17,22,15,18,3,2],
    "metadata": {
        "normals": 21,
        "type": "Geometry",
        "generator": "io_three",
        "uvs": 1,
        "vertices": 80,
        "faces": 69,
        "version": 3
    }
}