{
    "normals":[0,-0.707083,-0.707083,0,-1,0,-0.301492,-0.904508,-0.301492,0.301492,-0.904508,-0.301492,0.301492,0.904508,-0.301492,-0.301492,0.904508,-0.301492,0,-0.447188,-0.894406,0,0.707083,-0.707083,0.301492,-0.904508,0.301492,0.301492,0.904508,0.301492,0,-0.707083,0.707083,0,0.707083,0.707083,-0.301492,-0.904508,0.301492,-0.301492,0.904508,0.301492,0,-0.6657,-0.746178,0,0.6657,-0.746178,0.285531,0.6657,-0.689383,0.285531,-0.6657,-0.689383,0.527635,0.6657,-0.527635,0.527635,-0.6657,-0.527635,0.689383,0.6657,-0.285531,0.689383,-0.6657,-0.285531,0.746178,0.6657,0,0.746178,-0.6657,0,0.689383,0.6657,0.285531,0.689383,-0.6657,0.285531,0.527635,0.6657,0.527635,0.527635,-0.6657,0.527635,0.285531,0.6657,0.689383,0.285531,-0.6657,0.689383,0,0.6657,0.746178,0,-0.6657,0.746178,-0.285531,0.6657,0.689383,-0.285531,-0.6657,0.689383,-0.527635,0.6657,0.527635,-0.527635,-0.6657,0.527635,-0.689383,0.6657,0.285531,-0.689383,-0.6657,0.285531,-0.746178,0.6657,0,-0.746178,-0.6657,0,-0.689383,0.6657,-0.285531,-0.689383,-0.6657,-0.285531,-0.527635,0.6657,-0.527635,-0.527635,-0.6657,-0.527635,-0.285531,0.6657,-0.689383,-0.285531,-0.6657,-0.689383,0,0.999969,0,0,1,0,0,-0.999969,0],
    "name":"CylinderGeometry.2",
    "uvs":[[0.5,0.304274,1,0.304274,1,0.5,0.5,0.5,0.774537,0.5,0.774537,0.604274,0.743689,0.604274,0.743689,0.5,0.94898,0.392817,0.889,0.392817,0.889,0.006285,0.94898,0.006285,0.473637,0.392817,0.397978,0.392817,0.397978,0.006285,0.473637,0.006285,0.224194,0.598743,0.224194,0.993715,0.195648,0.993715,0.195648,0.598743,0.012745,0.607183,0.147235,0.607183,0.147235,0.993715,0.012745,0.993715,0.352163,0.392817,0.352163,0.006285,0.318422,0.006285,0.318422,0.392817,0.352163,0.993715,0.352163,0.598743,0.318422,0.598743,0.318422,0.993715,0.012744,0.006285,0.147235,0.006285,0.147235,0.401257,0.012744,0.401257,0.224194,0.392817,0.195648,0.392817,0.473636,0.993715,0.397978,0.993715,0.397978,0.598743,0.473637,0.598743,0.94898,0.993715,0.889,0.993715,0.889,0.598743,0.94898,0.598743,0.743687,0.5,0.743687,0.617183,0.712839,0.617183,0.712839,0.5,0.5,0,1,0,1,0.2,0.5,0.2,0.224194,0.006285,0.195648,0.006285,0.861951,0.639874,0.861951,0.719368,0.876718,0.719368,0.876719,0.639874,0.861951,0.871838,0.876718,0.871838,0.743687,0.734366,0.712839,0.734366,0.623872,0.792241,0.623872,0.689484,0.63506,0.689484,0.63506,0.792241,0.623871,0.989332,0.63506,0.989332,0.988913,0.732985,0.632504,0.732985,0.632504,0.678893,0.988913,0.678893,0.632504,0.633035,0.988913,0.633035,0.370204,0.987673,0.013794,0.987673,0.013794,0.941816,0.370204,0.941815,0.013794,0.887723,0.370204,0.887723,0.013794,0.833631,0.370204,0.833631,0.013794,0.787773,0.370203,0.787773,0.632504,0.233237,0.988913,0.233237,0.988913,0.279094,0.632504,0.279094,0.988913,0.333186,0.632504,0.333186,0.988913,0.387279,0.632504,0.387279,0.988913,0.433136,0.632504,0.433136,0.988913,0.478993,0.632504,0.478993,0.988913,0.533086,0.632504,0.533086,0.988913,0.587178,0.632504,0.587178,0.642242,0.581188,0.657162,0.587368,0.668581,0.598788,0.674761,0.613708,0.674761,0.629857,0.668581,0.644777,0.657162,0.656196,0.642242,0.662376,0.626093,0.662376,0.611173,0.656196,0.599753,0.644777,0.593573,0.629857,0.593573,0.613708,0.599753,0.598788,0.611173,0.587368,0.626093,0.581188,0.988913,0.832935,0.632504,0.832935,0.632504,0.787077,0.988913,0.787077,0.593573,0.532519,0.599753,0.517599,0.611173,0.50618,0.626093,0.5,0.642242,0.5,0.657162,0.50618,0.668581,0.517599,0.674761,0.532519,0.674761,0.548669,0.668581,0.563589,0.657162,0.575008,0.626093,0.581188,0.611173,0.575008,0.599753,0.563589,0.593573,0.548669,0.304274,0.797245,0.5,0.797245,0.5,1,0.304274,1,0,0.797245,0.2,0.797245,0.2,1,0,1,0,0.680062,0.2,0.680062,0.304274,0.680062,0.5,0.680062,0.304274,0.5,0.5,0.5,0,0.5,0.2,0.5,0.774537,0.604274,0.774537,0.708548,0.743689,0.708548,0.743689,0.604274,0.623872,0.496605,0.63506,0.496605,0.861951,0.490662,0.876719,0.490662,0.180062,0.304274,0.297245,0.304274,0.297245,0.5,0.180062,0.5,0.297245,0,0.297245,0.2,0.180062,0.2,0.180062,0,0.5,0.2,0.5,0.304274,0,0.2,0,0.304274,0,0.5,0.5,0.5,0,0,0.5,0]],
    "metadata":{
        "version":3,
        "vertices":88,
        "uvs":1,
        "generator":"io_three",
        "normals":49,
        "type":"Geometry",
        "faces":88
    },
    "vertices":[1,-1,-1,1,-1,1,-1,-1,1,-1,-1,-1,1,1.16183,-1,0.999999,1.16183,1,-1,1.16183,1,-1,1.16183,-1,1,0.556339,-1,-1,0.556339,-1,1,-0.519984,-1,-1,-0.519984,-1,1,-0.519984,-1.10002,1,0.556339,-1.10002,-1,-0.519984,-1.10002,-1,0.556339,-1.10002,0.2,-1,-1,0.2,-1,1,0.2,1.16183,-1,0.199999,1.16183,1,0.2,0.556339,-1,0.2,-0.519984,-1,0.2,0.556339,-1.10002,0.2,-0.519984,-1.10002,-0.217096,-1,-1,-0.217096,-1,1,-0.217096,1.16183,-1,-0.217096,1.16183,1,-0.217095,0.556339,-1,-0.217096,-0.519984,-1,-0.217095,0.556339,-1.10002,-0.217096,-0.519984,-1.10002,1,1.16183,0.18898,-1,1.16183,0.188979,0.2,1.16183,0.18898,-0.217096,1.16183,0.188979,-1,1.16183,-0.279753,1,1.16183,-0.279752,0.2,1.16183,-0.279753,-0.217096,1.16183,-0.279753,0,-0.994547,0.425608,0,1.15865,0.425608,0.063356,-0.994547,0.438211,0.063356,1.15865,0.438211,0.117067,-0.994547,0.474099,0.117067,1.15865,0.474099,0.152955,-0.994547,0.52781,0.152955,1.15865,0.52781,0.165557,-0.994547,0.591166,0.165557,1.15865,0.591166,0.152955,-0.994547,0.654522,0.152955,1.15865,0.654522,0.117067,-0.994547,0.708233,0.117067,1.15865,0.708233,0.063356,-0.994547,0.744121,0.063356,1.15865,0.744121,0,-0.994547,0.756723,0,1.15865,0.756723,-0.063356,-0.994547,0.744121,-0.063356,1.15865,0.744121,-0.117067,-0.994547,0.708233,-0.117067,1.15865,0.708233,-0.152955,-0.994547,0.654522,-0.152955,1.15865,0.654522,-0.165557,-0.994547,0.591166,-0.165557,1.15865,0.591166,-0.152955,-0.994547,0.52781,-0.152955,1.15865,0.52781,-0.117067,-0.994547,0.474099,-0.117067,1.15865,0.474099,-0.063356,-0.994547,0.438211,-0.063356,1.15865,0.438211,1,1.22813,0.18898,0.999999,1.22813,1,-0.217096,1.22813,-1,-1,1.22813,-1,-0.217096,1.22813,1,-1,1.22813,1,-1,1.22813,-0.279753,1,1.22813,-1,0.2,1.22813,-1,0.199999,1.22813,1,0.2,1.22813,0.18898,-0.217096,1.22813,0.188979,1,1.22813,-0.279752,-1,1.22813,0.188979,0.2,1.22813,-0.279753,-0.217096,1.22813,-0.279753],